relative_time,Loader_front_orientation,Loader_cylinder_right,Loader_cylinder_left,Loader_cylinder_top,Loader_bucket_load_right,Loader_bucket_load_mid,Loader_bucket_load_left
0.0,0.0,0.0,0.0,0.0,0.0,0.0,0.0
0.05,-0.0005154123008486,7.167032074608521e-06,-6.335166608666804e-06,-0.0003007991204106,0.0,0.0,0.0
0.1,-0.000221775514357,-1.4922985722475536e-05,-1.2032357930955956e-05,-0.0001251249008148,0.0,0.0,0.0
0.15,0.0002553792522578,-2.2226087664705573e-05,-1.3372603355141016e-05,-0.0001991135931246,0.0,0.0,0.0
0.2,0.000349877966878,-2.276896493613844e-05,-2.567254520974356e-06,-5.83650763025386e-05,0.0,0.0,0.0
0.25,0.0003262609080121,-8.165193965462929e-06,-1.9322933192992464e-05,0.0001306240999294,0.0,0.0,0.0
0.3,-4.342982503828821e-05,-1.932915437154965e-06,-3.2911075912633577e-07,0.0002407296709064,0.0,0.0,0.0
0.35,-0.0001942332680458,-1.2324062370859802e-05,-1.0453656528169028e-05,0.0002479740586082,0.0,0.0,0.0
0.4,3.3492385841388215e-05,-2.012226352876911e-05,-1.528597748816082e-05,0.000134841250073,0.0,0.0,0.0
0.45,0.0001116508244451,-6.784758938489064e-06,-1.6051905804272835e-05,2.2060591262866815e-05,0.0,0.0,0.0
0.5,2.2135715246329e-05,-5.778870181699383e-06,-2.8852997434874752e-06,-0.000136683745704,0.0,0.0,0.0
0.55,-4.272894499793343e-05,-4.933870931588436e-06,-1.6457161280306165e-06,-0.0002229974864574,0.0,0.0,0.0
0.6,-8.381161875305103e-05,-9.046196356037649e-06,-1.6554230710847556e-05,-0.0002542359153768,0.0,0.0,0.0
0.65,-3.254266077164497e-05,-1.100300415488082e-05,-5.369422916448166e-06,-0.0002327364325847,0.0,0.0,0.0
0.7,-1.0032131774485465e-05,-7.107449060895221e-06,-2.8158493880670395e-06,-0.0003114397412639,0.0,0.0,0.0
0.75,-7.029782188062835e-05,-9.189658156101157e-06,-8.388819793185354e-06,-0.0003605166195392,0.0,0.0,0.0
0.8,-0.0001862281326321,-1.8360845012332788e-05,-1.0772794769973816e-05,-0.000288991530316,0.0,0.0,0.0
0.85,-0.000152463482338,-8.45712499978954e-06,-1.402182878214324e-05,-0.0002738545637354,0.0,0.0,0.0
0.9,-0.0001201034858782,-5.697502527055524e-06,-5.431897866357468e-06,-0.0003613108358837,0.0,0.0,0.0
0.95,-0.0001451043384292,-3.703248630703162e-06,-5.38149287755105e-07,-0.0004344267806007,0.0,0.0,0.0
1.0,-0.0001606922149066,-3.745157983714045e-06,-6.461131369513859e-06,-0.0004136223646336,0.0,0.0,0.0
1.05,-0.0002127906116548,7.525279308568807e-05,8.17133100339444e-05,-0.0003825309300754,14.583333333333345,16.666666666666682,20.45454545454547
1.1,-0.0002924456320445,0.000262971471498,0.0002685101512711,-0.0004064501027784,43.75000000000003,50.00000000000004,61.36363636363641
1.15,-0.0004470295271652,0.0005301695142488,0.0005419588904773,-0.0003015648430818,87.50000000000006,100.00000000000009,122.72727272727283
1.2,-0.0004547547047448,0.0008925509609048,0.0009079324196941,-0.000253500284638,145.83333333333343,166.66666666666683,204.5454545454547
1.25,-0.00039357510137,0.001334227533733,0.0013558186548453,-0.0001668405601184,218.75000000000009,250.00000000000017,306.818181818182
1.3,-0.0002744526372293,0.0018725782517805,0.0018979283831506,-0.0001004156081257,306.2500000000001,350.00000000000017,429.5454545454547
1.35,-0.0002807536276474,0.002500572182169,0.0025333702956487,-0.000184188730827,408.33333333333337,466.66666666666686,572.7272727272729
1.4,-0.000369863627836,0.0032380671218725,0.0032715025115559,-0.0001274187378539,525.0000000000001,600.0000000000002,736.3636363636366
1.45,-0.000474512682101,0.0040475583138993,0.0040903729138416,-1.6269811015203904e-05,656.2500000000001,750.0000000000003,920.4545454545456
1.5,-0.000432161435514,0.0049572488282739,0.0049806769142102,-0.0001481193937955,802.0833333333334,916.666666666667,1125.0000000000002
1.55,-0.0004481034578015,0.0059496680740768,0.0059811534629546,-0.0001208631399509,962.5,1100.0000000000005,1350.0000000000002
1.6,-0.0004307985760285,0.0070302606618263,0.0070769678536668,-0.0002029491866861,1137.5,1300.0000000000005,1595.4545454545455
1.65,-0.0004737230324322,0.0082091546742967,0.0082518571770484,-0.0002335222776648,1327.0833333333337,1516.6666666666672,1861.3636363636367
1.7,-0.0004788924528123,0.0094669506957621,0.0095168455080596,-0.0001870954593869,1531.25,1750.000000000001,2147.727272727273
1.75,-0.0004578730505736,0.0108228912486142,0.0108744851223295,-0.0002559052723919,1750.0,2000.000000000001,2454.545454545455
1.8,-0.0003180403473767,0.0122769739280019,0.0123141409942544,-5.926970822254955e-05,1983.3333333333333,2266.666666666667,2781.818181818182
1.85,-0.000317919367108,0.0138058339132495,0.0138513928894483,-9.62530648810592e-06,2231.25,2550.000000000001,3129.545454545455
1.9,-0.0003044020445073,0.0154294461337594,0.0154743052624523,7.068728691746099e-05,2493.75,2850.000000000001,3497.727272727273
1.95,-0.0002897088123091,0.0171394024251728,0.0171894444355247,8.449822517536782e-05,2770.833333333333,3166.6666666666674,3886.363636363637
2.0,-0.0002030711479782,0.0189501640751526,0.0190065740144258,9.244183169112748e-05,3062.5,3500.000000000001,4295.454545454546
2.05,-9.390953677744912e-05,0.0207677666790885,0.0208132143931991,0.0001350458259645,3354.1666666666665,3833.3333333333344,4704.545454545454
2.1,-7.887658111425071e-06,0.0225681471529005,0.022603177098648,7.745296761665979e-05,3645.833333333333,4166.666666666668,5113.636363636363
2.15,0.0001047565463627,0.0243824745756832,0.0243988481117907,0.0001411730308394,3937.499999999999,4500.000000000001,5502.074314574315
2.2,7.48356705004472e-05,0.0261954422826386,0.0261950377369293,0.0001903985962275,4229.166666666666,4833.333333333334,5869.859307359308
2.25,-3.758105422175896e-05,0.0280120944834023,0.0280055258834314,0.0001435672851227,4506.152343749999,5166.666666666668,6216.991341991343
2.3,-7.764375052333387e-05,0.0298127033255476,0.0298103395742488,0.0003462602212785,4768.457031249999,5500.000000000002,6543.470418470419
2.35,-3.83146116186923e-05,0.0316225825542845,0.0316225266066865,0.0003846709988387,5016.080729166666,5833.333333333334,6849.296536796537
2.4,-0.000159492229979,0.0334189534239005,0.0334073404353942,0.000244917208108,5249.023437499999,6166.666666666668,7134.469696969698
2.45,-0.0001124070932394,0.0352126740332809,0.0351966230315215,0.0002157203666648,5467.285156249999,6500.000000000002,7398.989898989898
2.5,-0.0001124028525335,0.0370118331559809,0.0370072589610859,7.732089564150496e-05,5670.865885416666,6833.333333333334,7642.857142857142
2.55,-2.680838467411874e-05,0.0388199516118046,0.0388072533386225,8.658767459105689e-05,5859.765624999999,7149.901574803151,7866.071428571429
2.6,5.2674610472709206e-05,0.0406298600610744,0.0406094868722534,0.00015574167487,6033.984374999999,7449.70472440945,8068.632756132756
2.65,2.743339630995236e-05,0.0424308296048378,0.0424031275711868,0.0001189832184327,6193.522135416666,7732.742782152231,8250.541125541127
2.7,-7.478921350411096e-05,0.0442420087713993,0.044198157461913,1.1779069487558132e-05,6338.378906249999,7999.015748031497,8411.796536796537
2.75,-1.6505336685468e-05,0.0460549253325505,0.0460016051968341,-3.524847653980775e-05,6468.5546875,8248.523622047247,8552.39898989899
2.8,-2.434230681825237e-05,0.0478646091601602,0.0478131081005779,-0.0001189732563222,6584.049479166667,8481.266404199476,8672.348484848486
2.85,-0.0001246285444112,0.0496664454396823,0.0496132054855151,-0.0001642311142618,6684.86328125,8697.244094488191,8771.645021645021
2.9,-0.0002310441791504,0.0514687635459457,0.0514104740282458,-0.0002162820581956,6770.99609375,8896.456692913387,8850.2886002886
2.95,-0.0002172573812115,0.0532822440857371,0.0532079346150838,-0.0002292767213522,6842.447916666667,9078.904199475068,8908.27922077922
3.0,-0.0003502311723061,0.0550819882786198,0.0550085859876391,-0.0002498469641803,6899.21875,9244.58661417323,8945.616883116883
3.05,-0.0004123539839915,0.0568895646650958,0.0568178354833159,-0.0003053032806245,6941.30859375,9393.503937007874,8962.301587301587
3.1,-0.000408449278685,0.0586894575733905,0.0586268317952164,-0.0003334425853115,6968.717447916666,9525.656167979005,8958.333333333332
3.15,-0.0003764444356675,0.0604940980328681,0.0604385930129523,-0.0003186219146578,6981.4453125,9641.043307086617,8954.36507936508
3.2,-0.0003068547104497,0.0622979973748519,0.0622483931167079,-0.0004092425701799,6979.4921875,9739.665354330707,8950.396825396825
3.25,-0.0001637243058391,0.0641009669063217,0.0640552595658451,-0.0005641202245884,6977.5390625,9821.522309711288,8946.42857142857
3.3,-0.0001607703439571,0.0659131159260325,0.0658471431277031,-0.0007542560785599,6975.5859375,9886.614173228349,8942.460317460318
3.35,-0.0001321932340228,0.0677330955540611,0.0676421244019875,-0.0008099406626852,6973.6328125,9934.94094488189,8938.492063492064
3.4,-4.041104798061156e-05,0.0695351494755123,0.0694493081645358,-0.0007140995167817,6971.6796875,9966.502624671915,8934.52380952381
3.45,-9.775825469110876e-05,0.0713456160689019,0.0712639491440133,-0.0007284161395911,6969.7265625,9981.299212598426,8930.555555555557
3.5,-5.134886360587702e-05,0.0731482047022839,0.0730674130325651,-0.0005658757810139,6967.7734375,9979.33070866142,8926.587301587302
3.55,-0.0001238772370844,0.0749431136652644,0.0748672933413913,-0.0006125087859152,6965.8203125,9977.36220472441,8922.619047619048
3.6,-0.0001687116003655,0.0767557936066442,0.0766855809845543,-0.0006231372556415,6963.8671875,9975.3937007874,8918.650793650793
3.65,-0.0001288360838648,0.0785626910095766,0.0785014023445377,-0.0006124775444489,6961.9140625,9973.425196850394,8914.68253968254
3.7,-8.03698365887188e-05,0.0803610778603773,0.0803077916031207,-0.0006658258782649,6959.9609375,9971.456692913389,8910.714285714286
3.75,-0.00012794424634,0.0821483685649131,0.0821176052734605,-0.0006894487034331,6958.0078125,9969.488188976378,8906.746031746032
3.8,-0.0001572936607493,0.0839558231025196,0.083930213203093,-0.0006827576004244,6956.0546875,9967.51968503937,8902.777777777777
3.85,-0.0001139465576565,0.0857589999609645,0.0857455737295761,-0.0006936529430974,6954.1015625,9965.551181102364,8898.809523809523
3.9,1.5449069587561534e-05,0.087563974240578,0.0875498158709087,-0.000528601766842,6952.1484375,9963.582677165356,8894.841269841269
3.95,7.50598198772471e-05,0.0893582144233285,0.0893500839758318,-0.0005316775795025,6950.1953125,9961.614173228349,8890.873015873016
4.0,0.0001571385268129,0.0911652311744013,0.0911605861331472,-0.0003910846738083,6948.2421875,9959.645669291338,8886.904761904761
4.05,0.0001675746601252,0.0929642024626372,0.0929691456793162,-0.000303775035725,6946.2890625,9957.677165354333,8882.936507936507
4.1,0.0001348455722518,0.0947717383102253,0.094774730806048,-0.0003690111979566,6944.3359375,9955.708661417322,8878.968253968254
4.15,0.0001084510141512,0.0965665718222789,0.096583319540372,-0.0003113860452709,6942.3828125,9953.740157480315,8875.0
4.2,7.223477960085212e-05,0.0983619939763697,0.0983899743815737,-0.0004306774113503,6940.4296875,9951.771653543308,8871.031746031746
4.25,5.643773049849112e-06,0.1001701883182745,0.1002015624151177,-0.0004262385598626,6938.4765625,9949.8031496063,8867.063492063493
4.3,5.7511339929692846e-05,0.1019762864752333,0.1020099421101756,-0.000354792940103,6936.5234375,9947.834645669293,8863.095238095239
4.35,9.670191791910708e-05,0.1037654285519528,0.1038215762331789,-0.0002506578130574,6934.5703125,9945.866141732284,8859.126984126984
4.4,7.832208179447064e-05,0.1055690912694258,0.105629783486981,-0.0002865073596713,6932.6171875,9943.897637795277,8855.158730158731
4.45,0.0001999472278168,0.1073820067559204,0.107437476976403,-0.0001963491182265,6930.6640625,9941.929133858268,8851.190476190477
4.5,0.000148056709104,0.109187841063376,0.1092426572419066,-9.7534650088315e-05,6928.7109375,9939.96062992126,8847.222222222223
4.55,0.0002284493965006,0.1109976013522763,0.1110541960146958,0.0001024021388632,6926.7578125,9937.992125984252,8843.253968253968
4.6,0.0001784727618483,0.1128018950748932,0.1128470134299069,-5.219689192461014e-05,6924.8046875,9936.023622047243,8839.285714285714
4.65,0.0001392147568091,0.1146033665261281,0.1146482227037403,-0.0001163264429085,6922.8515625,9934.055118110236,8835.31746031746
4.7,0.0001686324196061,0.1164050302879245,0.116459859745129,-0.0001425564454351,6920.8984375,9932.08661417323,8831.349206349207
4.75,0.0001575663582033,0.1182287385147849,0.118262091449611,-8.917220691959888e-05,6918.9453125,9930.11811023622,8827.380952380952
4.8,0.0002099848764691,0.1200304808155038,0.1200584186820449,8.356470290561298e-06,6916.9921875,9928.149606299212,8823.412698412698
4.85,0.000303312081893,0.1218396792412478,0.1218580926795666,4.4413728223925765e-05,6915.0390625,9926.181102362203,8819.444444444443
4.9,0.0002097989005484,0.1236500299285027,0.1236653267690259,9.586840580915602e-05,6913.0859375,9924.212598425196,8815.47619047619
4.95,0.0001466306343508,0.125455834576379,0.1254776569421473,0.0001511107654474,6911.1328125,9922.24409448819,8811.507936507936
5.0,0.0001570935925682,0.1272633134885785,0.127267967700099,0.000115909608268,6909.1796875,9920.275590551182,8807.539682539682
5.05,0.0002628814335981,0.1290716857498067,0.1290680712088807,-7.667299931487107e-06,6907.2265625,9918.307086614172,8803.57142857143
5.1,0.000310744129501,0.1308830886877214,0.1308787268694311,-7.589807455300136e-05,6905.2734375,9916.338582677166,8799.603174603175
5.15,0.0003574163381587,0.1326988860683573,0.1326807748307522,-0.0001099714336908,6903.3203125,9914.370078740158,8795.63492063492
5.2,0.0003245252806066,0.1345102890978388,0.1344864830760078,-5.9104245842934526e-05,6901.3671875,9912.401574803149,8791.666666666668
5.25,0.0002591753273891,0.1363152703583924,0.1362853083284728,-0.0002690486247035,6899.4140625,9910.433070866142,8787.698412698413
5.3,0.0002603967750483,0.138120481213271,0.1381000493617191,-0.0002498432099232,6897.4609375,9908.464566929137,8783.730158730159
5.35,0.0002030684770087,0.1399271466614149,0.1399054570560622,-5.062357811953643e-05,6895.5078125,9906.496062992126,8779.761904761905
5.4,0.0002403416440032,0.1417379647429847,0.14172241118288,-7.491899748366273e-05,6893.5546875,9904.527559055115,8775.79365079365
5.45,0.0001173732593287,0.1435465956345849,0.1435229175772974,-1.390540243016221e-05,6891.6015625,9902.55905511811,8771.825396825396
5.5,0.0001127617096147,0.145353764263261,0.1453369543747394,-0.0001289950499182,6889.6484375,9900.590551181103,8767.857142857143
5.55,0.0001992905429568,0.1471524493983235,0.1471413227651647,4.216334121155933e-05,6887.6953125,9898.622047244096,8763.888888888889
5.6,0.000237190055199,0.1489513357277226,0.1489468789969492,0.0002247726318245,6885.7421875,9896.653543307086,8759.920634920634
5.65,0.0002589952571533,0.1507574659265409,0.1507424391848858,0.0002859377153183,6883.7890625,9894.68503937008,8755.95238095238
5.7,0.0002025646207035,0.1525767610821207,0.1525481437707845,0.0003184319717336,6881.8359375,9892.71653543307,8751.984126984125
5.75,0.0001845600114749,0.1543786500711124,0.1543602888984582,0.0004197683459978,6879.8828125,9890.748031496065,8748.015873015875
5.8,0.0002686151803829,0.1561917781595517,0.1561707353598533,0.0005911574346238,6877.9296875,9888.779527559056,8744.04761904762
5.85,0.0002535324892571,0.1579922766965081,0.1579805094001288,0.0005662698757454,6875.9765625,9886.811023622047,8740.079365079366
5.9,0.0002012002058964,0.159791186132018,0.1597902585192433,0.000480609498351,6874.0234375,9884.84251968504,8736.111111111111
5.95,0.0002155046317313,0.1616035506779244,0.1615998811972072,0.0005537465800786,6872.0703125,9882.874015748032,8732.142857142857
6.0,0.0002163004008945,0.1634050865904869,0.1634113341260364,0.0005717755311781,6870.1171875,9880.905511811025,8728.174603174604
6.05,0.0001311908720361,0.1652104932257715,0.165204487270853,0.0003464822919259,6868.1640625,9878.937007874016,8724.20634920635
6.1,0.0001190117336532,0.1670187102752976,0.1670069897494477,0.0003979451194842,6866.2109375,9876.968503937009,8720.238095238095
6.15,2.6306628629904464e-05,0.1688213904981836,0.1688176261189182,0.000361772784606,6864.2578125,9875.0,8716.269841269841
6.2,0.0001339786921521,0.1706216281060154,0.1706204345202277,0.0003288472025288,6862.3046875,9873.031496062991,8712.301587301587
6.25,0.0001935846372272,0.1724238388499175,0.1724250601499711,0.0002122661555882,6860.3515625,9871.062992125984,8708.333333333332
6.3,0.0002519293434123,0.1742343714255265,0.1742241810826656,3.262612111581192e-05,6858.3984375,9869.094488188975,8704.365079365078
6.35,0.0002693524176948,0.1760361167119335,0.1760325225614994,-0.0001326056577855,6856.4453125,9867.125984251968,8700.396825396825
6.4,0.0002540497704052,0.1778387923571047,0.177819651663315,-5.9073790703288186e-05,6854.4921875,9865.15748031496,8696.42857142857
6.45,0.0002806830987574,0.1796443833553377,0.1796282458256117,-0.000146755026539,6852.5390625,9863.188976377953,8692.460317460318
6.5,0.0002840003678872,0.1814442892329102,0.1814262741394334,-0.00022362657441,6850.5859375,9861.220472440944,8688.492063492064
6.55,0.0001116741287098,0.183266643091307,0.1832178164195354,-0.0001752665739025,6848.6328125,9859.251968503935,8684.52380952381
6.6,1.6464396698171423e-05,0.1850716938091186,0.1850208361153855,-0.0002404610428426,6846.6796875,9857.28346456693,8680.555555555557
6.65,-1.1058093109548136e-05,0.1868858294483832,0.1868356831476049,-0.0001224870800444,6844.7265625,9855.31496062992,8676.587301587302
6.7,0.0001606211470426,0.188679908670888,0.1886490114793518,-0.0001366660047139,6842.7734375,9853.346456692914,8672.61904761905
6.75,0.0001670676668855,0.1904814294310564,0.1904593256590051,-3.680999230085367e-05,6840.8203125,9851.377952755904,8668.650793650793
6.8,9.257600945869616e-05,0.1922823355895156,0.192256522911709,-5.540014136475063e-05,6838.8671875,9849.409448818897,8664.68253968254
6.85,3.851181338920534e-05,0.1940905875692959,0.1940678156894338,-0.0002909758234516,6836.9140625,9847.44094488189,8660.714285714286
6.9,0.0002162677460192,0.1958968230564665,0.195872480351485,-0.0001450538792547,6834.9609375,9845.472440944885,8656.746031746032
6.95,0.0001483857981793,0.1976996080959401,0.1976815384315515,-0.0002091458080086,6833.0078125,9843.503937007874,8652.777777777777
7.0,0.0001085442102095,0.1995009763238092,0.1994854399965356,-8.757589406896185e-05,6831.0546875,9841.535433070863,8648.809523809523
7.05,0.0001542888571368,0.201307533777487,0.2013009538906027,-5.902358136709676e-05,6829.1015625,9839.566929133858,8644.841269841269
7.1,0.0001229052081596,0.203107840957292,0.2031130551999835,-0.0002193767901088,6827.1484375,9837.598425196851,8640.873015873016
7.15,2.192302847927115e-05,0.2049206326531482,0.2049180741970319,-0.0002434927125446,6825.1953125,9835.629921259842,8636.904761904761
7.2,-6.680991357986538e-05,0.206734222637219,0.206723338269,-0.0002082208887773,6823.2421875,9833.661417322834,8632.936507936507
7.25,-6.646136665645128e-05,0.2085395353649563,0.2085316725584853,-0.0001846617836025,6821.2890625,9831.692913385828,8628.968253968254
7.3,-6.598822542752915e-05,0.2103554075614163,0.2103399192627931,-0.0001780271162204,6819.3359375,9829.724409448818,8625.0
7.35,-6.373048676312502e-05,0.2121718591253289,0.2121331758548221,-0.0002964478580391,6817.3828125,9827.75590551181,8621.031746031746
7.4,-6.945561507151854e-05,0.2139757917537909,0.2139556090160394,-0.0001263277520022,6815.4296875,9825.787401574804,8617.063492063493
7.45,-0.0001058906831591,0.2157759673458525,0.2157733031202493,-0.0001731979593448,6813.4765625,9823.818897637797,8613.095238095237
7.5,-6.454618749642099e-05,0.2175926723950413,0.2175904434255185,-0.0002899403468949,6811.5234375,9821.850393700788,8609.126984126984
7.55,-1.9483840896063582e-05,0.2193876846233298,0.2194064269608397,-0.0002279325493462,6809.5703125,9819.88188976378,8605.158730158731
7.6,6.50251544863876e-05,0.2211937875103723,0.2212093050847133,-0.0001779274634859,6807.6171875,9817.91338582677,8601.190476190477
7.65,7.854068611238992e-05,0.2229967873114246,0.2230027137685501,-0.0001714883264529,6805.6640625,9815.944881889764,8597.222222222223
7.7,-0.0001078731106673,0.2248195712105351,0.2248081762562764,-0.0002720119105988,6803.7109375,9813.976377952757,8593.253968253968
7.75,-0.0001143194851576,0.2266287076640859,0.2266055602016663,-0.0002073360009571,6801.7578125,9812.007874015748,8589.285714285714
7.8,-0.0001705618159299,0.2284262128636886,0.2284194677089245,3.303116223919172e-05,6799.8046875,9810.03937007874,8585.31746031746
7.85,-0.0001785070076689,0.2302405788227806,0.2302125212531953,0.0001535073494834,6797.8515625,9808.070866141732,8581.349206349207
7.9,-0.0002763798640395,0.2320428759021136,0.2320184065681486,0.0001006869226251,6795.8984375,9806.102362204723,8577.38095238095
7.95,-0.0002192194509512,0.2338534031390648,0.2338285105148635,0.0002302988482097,6793.9453125,9804.133858267716,8573.412698412698
8.0,-0.0002278198290769,0.2356593607909948,0.2356417830156786,0.0002942513877803,6791.9921875,9802.165354330707,8569.444444444443
8.05,4.534143241339294e-05,0.2374581622897322,0.2374501985324857,0.0003224931080903,6790.0390625,9800.1968503937,8565.47619047619
8.1,0.0006345700720382,0.2392675281706086,0.2392540418601562,0.0002352990743281,6788.0859375,9798.228346456692,8561.507936507936
8.15,0.0016488912997314,0.2410719221549633,0.2410585966758661,0.0005215679888675,6786.1328125,9796.259842519685,8557.539682539682
8.2,0.0028438898770887,0.2428688509800007,0.2428594063406608,0.0006292101563277,6784.1796875,9794.291338582678,8553.57142857143
8.25,0.0043003403709006,0.2446668607950237,0.2446634205004027,0.0007689216878086,6782.2265625,9792.322834645667,8549.603174603175
8.3,0.0060937468582884,0.2464474461654099,0.2464675182028949,0.0006150879334187,6780.2734375,9790.354330708662,8545.634920634922
8.35,0.008150046477419,0.2482588885448497,0.2482864808256548,0.0005906533443985,6778.3203125,9788.385826771651,8541.666666666668
8.4,0.0106185022123574,0.2500701735573857,0.2500839461187205,0.0006074000230775,6776.3671875,9786.417322834644,8537.698412698413
8.45,0.0133742782319481,0.2518630730837441,0.2518817839977675,0.0005731292857137,6774.4140625,9784.448818897636,8533.730158730159
8.5,0.0163552320650435,0.2536699427927962,0.2536737519402802,0.0003950246250881,6772.4609375,9782.48031496063,8529.761904761905
8.55,0.019662437457887,0.2554836940580919,0.2554793827259723,0.0003340365208542,6770.5078125,9780.511811023622,8525.79365079365
8.6,0.0232706560894996,0.2572843120155968,0.2572802255691727,0.0004027860270455,6768.5546875,9778.543307086611,8521.825396825396
8.65,0.0271999830006059,0.2590882542086751,0.2590887690322439,0.0002231675836215,6766.6015625,9776.574803149606,8517.857142857143
8.7,0.0313868618110321,0.2608859158907418,0.2608899400197714,0.0001587123446305,6764.6484375,9774.6062992126,8513.888888888889
8.75,0.0358930893030357,0.2626831769782575,0.2626973460064825,5.779760888938723e-05,6762.6953125,9772.63779527559,8509.920634920634
8.8,0.0406473183434011,0.2644983297084141,0.2644974930546763,4.259832197657036e-05,6760.7421875,9770.66929133858,8505.95238095238
8.85,0.0457775837822499,0.2662958123444074,0.2663111819696232,-1.015313931853518e-05,6758.7890625,9768.700787401574,8501.984126984125
8.9,0.0512131091697809,0.2680992217953758,0.2681145028886899,4.25488124467498e-05,6756.8359375,9766.732283464566,8498.015873015873
8.95,0.0569381267206,0.2699062777842507,0.2699025227598214,-0.0001130079551229,6754.8828125,9764.76377952756,8494.04761904762
9.0,0.0628617466968382,0.2717137442487519,0.2716982384770832,-6.838921297968796e-05,6752.9296875,9762.795275590552,8490.079365079366
9.05,0.0688245770668209,0.2735280076625614,0.2735015981309726,0.0001200348829527,6750.9765625,9760.826771653545,8486.111111111111
9.1,0.0748162647414454,0.2753328875392983,0.2753198147786501,0.0003015243505136,6749.0234375,9758.858267716536,8482.142857142857
9.15,0.0807881357244787,0.2771290078949466,0.2771264938417998,0.0005417866708267,6747.0703125,9756.889763779527,8478.174603174604
9.2,0.0868472558804974,0.2789327043700061,0.2789339036962584,0.0008876299366681,6745.1171875,9754.921259842518,8474.20634920635
9.25,0.0928533177973369,0.2807458710705658,0.2807411598834375,0.0013715717119175,6743.1640625,9752.952755905511,8470.238095238095
9.3,0.0987896573676901,0.2825602038621734,0.2825437617807489,0.0018200399116571,6741.2109375,9750.984251968504,8466.269841269841
9.35,0.1047826279760191,0.2843603935170989,0.2843434154272195,0.0024808410543354,6739.2578125,9749.015748031496,8462.301587301587
9.4,0.1107673134939118,0.28616792830622,0.2861394310021968,0.0032247996558538,6737.3046875,9747.047244094489,8458.333333333332
9.45,0.1168073832492474,0.2879855816695053,0.2879464866276844,0.0041606216487607,6735.3515625,9745.078740157482,8454.365079365078
9.5,0.1227930985848764,0.2897898952021301,0.2897465294435921,0.0050232307886509,6733.3984375,9743.110236220473,8450.396825396825
9.55,0.1287522963002077,0.2915916359986864,0.2915521619371041,0.0057516498711728,6731.4453125,9741.141732283464,8446.42857142857
9.6,0.1347449009420056,0.2934030063753209,0.2933681534593704,0.0067515347673276,6729.4921875,9739.173228346455,8442.460317460316
9.65,0.1407794281133881,0.295197502523051,0.2951800571874049,0.0080750696449828,6727.5390625,9737.204724409448,8438.492063492064
9.7,0.1469152506429489,0.2970001263941338,0.2969921951610553,0.0092877850026894,6725.5859375,9735.23622047244,8434.52380952381
9.75,0.1529104302862275,0.2988139958058592,0.2987956742266308,0.0104461880658378,6723.6328125,9733.267716535434,8430.555555555557
9.8,0.1590805909121342,0.300602265600845,0.30059616977399,0.0117825431921467,6721.6796875,9731.299212598426,8426.587301587302
9.85,0.1651682024772451,0.3024128336620855,0.3023973903103549,0.0130022878899769,6719.7265625,9729.33070866142,8422.619047619048
9.9,0.171174233640205,0.3042335296726063,0.3041973709182056,0.0143158245473749,6717.7734375,9727.36220472441,8418.650793650795
9.95,0.1771531013722586,0.3060261686106406,0.3060081417360563,0.015524084694909,6715.8203125,9725.3937007874,8414.682539682539
10.0,0.1832536593565598,0.3078372123093743,0.3078192633371819,0.0168327188052853,6713.8671875,9723.425196850394,8410.714285714286
10.05,0.1892497044332195,0.3095452311074883,0.3095459678328018,0.0180532758403154,6711.9140625,9721.456692913389,8406.746031746032
10.1,0.1952014154688621,0.3111730896074033,0.3111635803485232,0.0193890383684823,6709.9609375,9719.488188976378,8402.777777777777
10.15,0.201248059374148,0.312719012332371,0.3126901112002092,0.0206370252755471,6708.0078125,9717.51968503937,8398.809523809523
10.2,0.2072202537087808,0.3141723736855,0.3141338115708422,0.0218486350293353,6706.0546875,9715.551181102364,8394.841269841269
10.25,0.2131756928157707,0.3155185616092099,0.3154859646919736,0.0231538761563605,6704.1015625,9713.582677165356,8390.873015873016
10.3,0.2191716585564177,0.3167815786827342,0.3167582124062731,0.0244754648322298,6702.1484375,9711.614173228349,8386.904761904761
10.35,0.2253101447220318,0.3179510702147622,0.3179361211593779,0.0256436340300535,6700.1953125,9709.645669291338,8382.936507936507
10.4,0.2312927748974294,0.3190257183282997,0.319038771423462,0.0270188506041154,6698.2421875,9707.677165354333,8378.968253968254
10.45,0.2372979996740605,0.3200189068963446,0.3200229611418582,0.0282241392826909,6696.2890625,9705.708661417324,8375.0
10.5,0.2433000189551964,0.3209243255104369,0.3209260531588444,0.0293794563778545,6694.3359375,9703.740157480315,8371.031746031746
10.55,0.2493754556375372,0.3217438447749993,0.3217327181127327,0.0307175907200787,6692.3828125,9701.771653543308,8367.063492063493
10.6,0.2552735029160371,0.3224740596843645,0.3224578315033732,0.0320034439705954,6690.4296875,9699.8031496063,8363.095238095239
10.65,0.261230270320989,0.323115220992746,0.3230877638469828,0.0333390262928378,6688.4765625,9697.834645669293,8359.126984126984
10.7,0.2671933051966774,0.3236596153653718,0.3236222772911681,0.034448478949023,6686.5234375,9695.866141732284,8355.158730158731
10.75,0.2732692542615297,0.3241075587302859,0.3240721904062449,0.0356577416341609,6684.5703125,9693.897637795277,8351.190476190475
10.8,0.2791393482133609,0.324478025960299,0.3244430386660066,0.0368801719506602,6682.6171875,9691.929133858268,8347.222222222223
10.85,0.2850867731017432,0.3247514248345503,0.3247126814932325,0.0379803187390889,6680.6640625,9689.96062992126,8343.253968253968
10.9,0.2910007528488954,0.3249274082956591,0.3249049366090862,0.0392134851952768,6678.7109375,9687.992125984252,8339.285714285714
10.95,0.2969442515628521,0.3250252921316005,0.3250038126548181,0.0405493238943593,6676.7578125,9686.023622047243,8335.317460317461
11.0,0.3028476462568526,0.3250137417544856,0.3250014695552619,0.0418666330443497,6674.8046875,9684.055118110236,8331.349206349205
11.05,0.308880324260777,0.3250149084545857,0.3249942171013168,0.0430417857050508,6672.8515625,9682.08661417323,8327.380952380952
11.1,0.3149423694753069,0.325003604261069,0.3249967027433108,0.0440719035369405,6670.8984375,9680.11811023622,8323.412698412698
11.15,0.3209641020795765,0.324992803774056,0.3250013070856018,0.0450336473259292,6668.9453125,9678.149606299212,8319.444444444443
11.2,0.3269565917245886,0.3249880853735801,0.325014438609558,0.0459377497004099,6666.9921875,9676.181102362203,8315.47619047619
11.25,0.3330779148166306,0.3249972215666979,0.3250221524515768,0.0467046688315174,6665.0390625,9674.212598425196,8311.507936507936
11.3,0.339067256310854,0.3250003042906397,0.3250194654174224,0.0472979876059332,6663.0859375,9672.24409448819,8307.539682539684
11.35,0.3449451250417347,0.3249997566533251,0.3250228957488773,0.0477690937132002,6661.1328125,9670.275590551182,8303.57142857143
11.4,0.350987091184045,0.3250022633887101,0.3250100952258615,0.0483494382075428,6659.1796875,9668.307086614172,8299.603174603175
11.45,0.3570071831013315,0.3250082438298668,0.3250117656775503,0.0489241943036094,6657.2265625,9666.338582677166,8295.63492063492
11.5,0.3630475934967824,0.3249909966108124,0.3250198724918235,0.0493137768010972,6655.2734375,9664.370078740158,8291.666666666666
11.55,0.3689974413395498,0.3249895959966754,0.3250172994914677,0.0495521018792493,6653.3203125,9662.401574803149,8287.698412698412
11.6,0.3751458002522143,0.3249804398859121,0.3250167835769942,0.0498140833412636,6651.3671875,9660.433070866142,8283.730158730159
11.65,0.3810755960513138,0.3249804621631017,0.3250211035457793,0.0497893257488822,6649.4140625,9658.464566929137,8279.761904761905
11.7,0.3871344086550786,0.3249793687439216,0.3250196733182292,0.0496001060241306,6647.4609375,9656.496062992126,8275.79365079365
11.75,0.3931683684908412,0.3249819032345724,0.3250172759587669,0.0495207958739135,6645.5078125,9654.527559055115,8271.825396825398
11.8,0.3991928350631378,0.3249834048255842,0.3250216320888736,0.0495172399040275,6643.5546875,9652.55905511811,8267.857142857143
11.85,0.4051262721771754,0.3249778238367422,0.3250244649377663,0.0494955345157752,6641.6015625,9650.590551181103,8263.888888888889
11.9,0.411125627812751,0.3249803365474276,0.3250126744282761,0.0495975944586736,6639.6484375,9648.622047244096,8259.920634920634
11.95,0.4171778830036318,0.3249820863751101,0.3250043211533731,0.0497372568700985,6637.6953125,9646.653543307086,8255.95238095238
12.0,0.4231861195467974,0.3249908580861531,0.3250104322412478,0.0498029943719729,6635.7421875,9644.68503937008,8251.984126984127
12.05,0.4292487377167329,0.3249903001149189,0.3250037721818618,0.0499211101156833,6633.7890625,9642.71653543307,8248.015873015873
12.1,0.4351796136034152,0.3249965761092085,0.324995615828679,0.0499539275750566,6631.8359375,9640.748031496065,8244.047619047618
12.15,0.4411192357717848,0.3249990854739193,0.3249940811411606,0.0498201032444865,6629.8828125,9638.779527559056,8240.079365079366
12.2,0.4470723774240134,0.3249922197206225,0.324978827597226,0.0497132991754951,6627.9296875,9636.811023622047,8236.111111111111
12.25,0.4530615869981408,0.3249896646161772,0.3249728133141671,0.04974486554185,6625.9765625,9634.84251968504,8232.142857142857
12.3,0.4590724885312907,0.3249947189388365,0.3249713149201357,0.0497794328870151,6624.0234375,9632.874015748032,8228.174603174602
12.35,0.4651236604885607,0.3249987557308492,0.3249695754862837,0.0500020566081846,6622.0703125,9630.905511811025,8224.20634920635
12.4,0.4710330737569748,0.3250048220541795,0.3249772762921598,0.0501546807091306,6620.1171875,9628.937007874016,8220.238095238095
12.45,0.4769094557124116,0.3249926727512755,0.3249757671844248,0.0501237786473938,6618.1640625,9626.968503937009,8216.269841269841
12.5,0.4828596148704882,0.32500553866734,0.3249838065884256,0.0503212987557308,6616.2109375,9625.0,8212.301587301587
12.55,0.4888432434629853,0.3250045912401331,0.3249826431269908,0.0504416779291984,6614.2578125,9623.031496062991,8208.333333333334
12.6,0.4948217325705816,0.3249994098534226,0.3249841572316202,0.0503723050433101,6612.3046875,9621.062992125984,8204.36507936508
12.65,0.5008527444047363,0.32500706744854,0.3249781257350981,0.0502321408768816,6610.3515625,9619.094488188975,8200.396825396825
12.7,0.5068376323758856,0.3249975334792487,0.3249733417168725,0.0500760195394019,6608.3984375,9617.125984251968,8196.42857142857
12.75,0.5127391985743721,0.3249807941421421,0.3249745547137687,0.049942200085681,6606.4453125,9615.15748031496,8192.460317460316
12.8,0.5186347661453541,0.3249771840435418,0.3249689601157352,0.0499089790236051,6604.4921875,9613.188976377953,8188.492063492062
12.85,0.5246470781293361,0.3249739595372131,0.3249696718302312,0.0499218617061138,6602.5390625,9611.220472440944,8184.523809523809
12.9,0.5306711268398636,0.324975535987234,0.324979289843865,0.0499451227030191,6600.5859375,9609.251968503935,8180.555555555555
12.95,0.5366163527351053,0.3249789019652784,0.3249837260363991,0.0498628895600796,6598.6328125,9607.28346456693,8176.587301587302
13.0,0.5426372299636292,0.3249768125436504,0.3249727601259078,0.0498827428846499,6596.6796875,9605.31496062992,8172.619047619048
13.05,0.548339651287197,0.3249819985525148,0.3249823724559359,0.0496727785989445,6594.7265625,9603.346456692914,8168.650793650794
13.1,0.5539564137323933,0.3249766191922232,0.3249848327575063,0.049611499169968,6592.7734375,9601.377952755904,8164.68253968254
13.15,0.5590401033662737,0.3249740199087662,0.3249811991835954,0.0496736394878234,6590.8203125,9599.409448818897,8160.714285714285
13.2,0.5637796166217426,0.3249812965492145,0.3249836248629217,0.0493337402785552,6588.8671875,9597.44094488189,8156.746031746031
13.25,0.5682041749466084,0.3249828701551333,0.324989072559649,0.049308775789546,6586.9140625,9595.472440944885,8152.777777777778
13.3,0.5724282429041171,0.3249846633514381,0.3249883824906895,0.0492497396575551,6584.9609375,9593.503937007874,8148.809523809524
13.35,0.5763141644494288,0.324980690723351,0.3249766706901983,0.0492767560360053,6583.0078125,9591.535433070863,8144.84126984127
13.4,0.5799550030947266,0.3249776225261459,0.3249755788095484,0.0494436291028305,6581.0546875,9589.566929133858,8140.873015873015
13.45,0.5833275436749024,0.3249775942375663,0.3249820722764536,0.0494846065750909,6579.1015625,9587.598425196851,8136.9047619047615
13.5,0.5863233774811822,0.3249669196088081,0.3249704740616744,0.049600624851843,6577.1484375,9585.629921259842,8132.936507936509
13.55,0.5890526118918349,0.3249736475477955,0.3249810110745004,0.0495511210925013,6575.1953125,9583.661417322834,8128.968253968253
13.6,0.5914161384465704,0.3249850127898908,0.3249767929418267,0.0496602082901675,6573.2421875,9581.692913385828,8125.0
13.65,0.5935627861573602,0.3249736973014411,0.3249976155624885,0.049745365350285,6571.2890625,9579.72440944882,8121.031746031747
13.7,0.5953378888798083,0.3249756120882437,0.3250017155721846,0.049799593535787,6569.3359375,9577.75590551181,8117.063492063491
13.75,0.5969115846687367,0.3249813827185539,0.3250032560124464,0.0498651996920962,6567.3828125,9575.787401574804,8113.0952380952385
13.8,0.598116676327606,0.3249815610491862,0.3250005934270047,0.0498491843594315,6565.4296875,9573.818897637797,8109.126984126985
13.85,0.5991204663786712,0.3249891609792298,0.3250074114188724,0.0499798054678355,6563.4765625,9571.850393700788,8105.15873015873
13.9,0.5997350454695454,0.3249896162556442,0.3250074487372923,0.0500327272805514,6561.5234375,9569.88188976378,8101.190476190476
13.95,0.6001098780313437,0.3249847046666567,0.3250015789728039,0.0499376706256925,6559.5703125,9567.91338582677,8097.222222222222
14.0,0.6000904495417144,0.3249884292893535,0.3250123089772747,0.0499868459952649,6557.6171875,9565.944881889764,8093.253968253969
14.05,0.6000164665733041,0.324957560407945,0.324977271468466,0.0489499826528969,6555.6640625,9563.976377952757,8089.285714285713
14.1,0.5998196737646999,0.3249032607814804,0.3249111263025997,0.0469336288777432,6553.7109375,9562.007874015748,8085.31746031746
14.15,0.5998486065678743,0.3248052038912928,0.3248253813588201,0.0440635260508233,6551.7578125,9560.03937007874,8081.349206349206
14.2,0.6000001248128803,0.3246786125583431,0.3247051403019905,0.0400031778767347,6549.8046875,9558.070866141732,8077.380952380952
14.25,0.6000417595605441,0.3245288273173194,0.3245511374868883,0.0351277112171575,6547.8515625,9556.102362204723,8073.412698412698
14.3,0.5999920989188542,0.3243301198580478,0.3243636796571331,0.0290225055466422,6545.8984375,9554.133858267716,8069.444444444445
14.35,0.5999587830476517,0.3241202470845089,0.3241513422944728,0.0221947996981735,6543.9453125,9552.165354330707,8065.476190476191
14.4,0.6000010373053439,0.323866932479994,0.3238961862068367,0.014360293530556,6541.9921875,9550.1968503937,8061.507936507936
14.45,0.5999619710047865,0.3235910095075382,0.3236118960251278,0.0055972140606815,6540.0390625,9548.228346456692,8057.539682539682
14.5,0.5999214328952948,0.3232912593862177,0.3232982508796009,-0.0041590945956908,6538.0859375,9546.259842519685,8053.5714285714275
14.55,0.5998861025888718,0.3229457580002929,0.3229564643538412,-0.0150143994406518,6536.1328125,9544.291338582678,8049.603174603175
14.6,0.5999112225256413,0.3225647316921545,0.3225833734096505,-0.0267597583896552,6534.1796875,9542.322834645667,8045.63492063492
14.65,0.5999065914530464,0.3221590329960803,0.3221571152977948,-0.0394115059321785,6532.2265625,9540.354330708662,8041.666666666666
14.7,0.5998870149115085,0.3217303264198601,0.3217115293754005,-0.0530646067777902,6530.2734375,9538.385826771651,8037.6984126984125
14.75,0.5998245376351876,0.3212731551612797,0.3212414391043411,-0.06680557814194,6528.3203125,9536.417322834644,8020.595238095237
14.8,0.5998713041570884,0.3207779794093651,0.3207533227668204,-0.0805334487611664,6526.3671875,9534.448818897636,7990.35714285714
14.85,0.5997673187272671,0.3202378059752365,0.3202171265979683,-0.0942804291118655,6524.4140625,9532.48031496063,7946.984126984125
14.9,0.5996766973960539,0.3196719347824041,0.3196523527591165,-0.1078461334139601,6522.4609375,9530.511811023622,7890.476190476189
14.95,0.5996438431740192,0.3190824277260892,0.319060007185094,-0.1216245698337822,6520.5078125,9528.543307086611,7820.833333333331
15.0,0.5997448883420619,0.3184624772125978,0.3184321269353022,-0.1352720609029336,6518.5546875,9526.574803149606,7738.055555555552
15.05,0.5998141019681429,0.3178374340993996,0.3178008531444257,-0.1489868695861281,6500.44921875,9524.6062992126,7642.142857142853
15.1,0.59988209152457,0.3172091532549479,0.317184570725654,-0.1627041805185692,6466.191406249999,9522.63779527559,7533.095238095235
15.15,0.5999300435046165,0.3166056632734394,0.3165655097006491,-0.1765656596243318,6415.781249999999,9520.66929133858,7410.912698412695
15.2,0.5997922677625834,0.3159797302162158,0.3159452622792246,-0.1902903294888507,6349.218749999999,9518.700787401573,7275.595238095234
15.25,0.5997779922923041,0.3153456988338305,0.3153138856904651,-0.2040538975436921,6266.503906249999,9498.561477892186,7127.142857142852
15.3,0.5998424489347192,0.3147301019028302,0.3146851201140397,-0.2178227117737581,6167.636718749998,9460.251362810415,6965.55555555555
15.35,0.5999226991282425,0.3141042176630447,0.31405777363376,-0.2314859864257946,6052.617187499998,9403.770442156268,6790.833333333327
15.4,0.599813694774437,0.3134916936441557,0.3134337679200762,-0.2453241793806246,5921.445312499998,9329.118715929735,6602.976190476185
15.45,0.5999782834377438,0.3128610189527815,0.3128097413418089,-0.2591225435367518,5774.121093749998,9236.296184130826,6401.984126984121
15.5,0.5999300670203838,0.3122355976701664,0.3121887943405571,-0.2729537857878902,5610.644531249998,9125.302846759536,6187.857142857136
15.55,0.5999221205416203,0.3116025863902674,0.3115717961028807,-0.2868618346659884,5431.015624999998,8996.138703815866,5960.595238095231
15.6,0.5999220912052291,0.3109812910895159,0.3109455786109217,-0.3007146088209675,5235.234374999997,8848.803755299814,5720.198412698405
15.65,0.5999380492194909,0.3103541043295766,0.3103205250597992,-0.3143417333283745,5023.300781249997,8683.29800121138,5466.666666666659
15.7,0.5998647705001877,0.3097195836189641,0.3097079455145161,-0.3281840561810078,4795.214843749996,8499.621441550571,5199.999999999992
15.75,0.5999183612434182,0.3090992884010467,0.3090750865513599,-0.3420622630380993,4550.976562499996,8297.774076317377,4933.333333333326
15.8,0.6000206304112161,0.3084632506552495,0.3084425277465661,-0.3559909673696428,4290.585937499996,8077.755905511805,4666.666666666659
15.85,0.5999586959664616,0.3078445938481738,0.3078131580454153,-0.3696068555832428,4014.042968749996,7839.566929133851,4399.999999999993
15.9,0.6000389191006387,0.3072113293822466,0.307195016219331,-0.3835636616192221,3721.347656249996,7583.207147183518,4133.333333333327
15.95,0.6000020776874189,0.3065846688790606,0.306573988399671,-0.3974952716516139,3412.4999999999955,7308.676559660805,3866.6666666666592
16.0,0.5999734924660095,0.3059506439533855,0.3059604814290425,-0.4112731674349155,3087.4999999999955,7015.975166565711,3599.9999999999927
16.05,0.5998986228901655,0.3053570327052943,0.3053709445584059,-0.4236527495698625,2778.7499999999955,6705.102967898236,3333.3333333333258
16.1,0.5999351211638582,0.3047818880994554,0.3048018335260137,-0.4348198556440629,2486.2499999999964,6376.05996365838,3066.6666666666592
16.15,0.599932918917986,0.3042441381257791,0.3042527158238793,-0.4445785636768551,2209.9999999999964,6028.846153846144,2799.9999999999923
16.2,0.5999400840992931,0.3037508938551156,0.3037486962183695,-0.4528049632828864,1949.9999999999968,5663.46153846153,2533.3333333333258
16.25,0.6000005288695005,0.3032787837330175,0.3032845929772533,-0.4597501150477484,1706.2499999999968,5298.076923076915,2279.9999999999927
16.3,0.5999899175002283,0.302828101806965,0.302851027055787,-0.4653959202519743,1478.7499999999968,4932.692307692299,2039.9999999999932
16.35,0.5999416493747163,0.302415539336279,0.3024424969883985,-0.4698260711835263,1267.499999999997,4567.307692307685,1813.3333333333271
16.4,0.6000104579360273,0.3020232761974918,0.3020714584737335,-0.4728737436657746,1072.4999999999973,4201.923076923069,1599.999999999994
16.45,0.5998576463907093,0.3016821612526136,0.301724617702111,-0.4744800573402693,893.7499999999976,3836.5384615384537,1399.9999999999943
16.5,0.5999587296265406,0.3013636320331064,0.3014178966157537,-0.4747834796777867,731.2499999999976,3471.153846153839,1213.333333333328
16.55,0.5999251491689546,0.3010805009311785,0.3011252391009112,-0.4746963401611048,584.9999999999978,3124.0384615384546,1039.999999999995
16.6,0.5999023467167183,0.3008329006352929,0.3008747636512018,-0.4736718355407492,454.9999999999984,2795.1923076923017,879.9999999999957
16.65,0.5999623334549342,0.3006182013797293,0.3006597235859239,-0.471917805050554,341.24999999999847,2484.6153846153784,733.3333333333292
16.7,0.6000999111465659,0.3004325989614055,0.3004696863438014,-0.4697189351474548,243.7499999999988,2192.307692307687,599.9999999999964
16.75,0.6000263604227473,0.3002697518243047,0.3003267426199695,-0.4684168911992353,162.4999999999988,1918.2692307692253,479.9999999999965
16.8,0.5998883765260881,0.3001602354745215,0.300201651281979,-0.4675086349813782,97.49999999999903,1662.4999999999952,373.3333333333302
16.85,0.6000256470258536,0.3000616677239455,0.3001112515352159,-0.4674517760013626,48.7499999999995,1424.999999999996,279.9999999999974
16.9,0.6000933488704406,0.3000003131720487,0.3000384808197515,-0.4682085882772347,16.249999999999638,1205.7692307692269,199.99999999999767
16.95,0.6001590907717864,0.2999664155559837,0.2999991695232764,-0.4695910025162014,0.0,1004.807692307689,133.3333333333315
17.0,0.6001134735845841,0.2999710812962399,0.2999893341928681,-0.4717796079403564,0.0,822.1153846153815,79.99999999999832
17.05,0.600124084416806,0.2999274559314183,0.2999658003175199,-0.47333872328486,0.0,657.6923076923049,39.99999999999868
17.1,0.6000044586851505,0.2998775237828722,0.299903005300677,-0.4743680186999,0.0,511.5384615384593,13.333333333332575
17.15,0.599987429966143,0.2997711488884426,0.2998151032445714,-0.474990768936107,0.0,383.6538461538448,0.0
17.2,0.6000622694730053,0.2996488006793824,0.2996829563181126,-0.475040671314013,0.0,274.03846153846,0.0
17.25,0.599924145015174,0.2994955574739196,0.2995226993715437,-0.4737116208720099,0.0,182.69230769230623,0.0
17.3,0.599854665197845,0.2993110194021712,0.2993382280544202,-0.4711685182520855,0.0,109.61538461538348,0.0
17.35,0.5997839648826415,0.2990961005273423,0.2991137343080227,-0.4675861325098948,0.0,54.80769230769174,0.0
17.4,0.5997703520203596,0.2988526292504295,0.2988620107698455,-0.4626822284445664,0.0,18.26923076923104,0.0
17.45,0.599860856217407,0.2985742919222773,0.2985851287138952,-0.4564152603213891,0.0,0.0,0.0
17.5,0.5998332166318749,0.2982609757145703,0.2982634353157998,-0.4490093546058947,0.0,0.0,0.0
17.55,0.5998935264419292,0.2979091274685802,0.2979239042523781,-0.4401905493006261,0.0,0.0,0.0
17.6,0.5998746221727397,0.2975304196056488,0.2975451680352573,-0.4302335192979633,0.0,0.0,0.0
17.65,0.5997979076423839,0.2971185236063713,0.297139263635561,-0.4189684881448472,0.0,0.0,0.0
17.7,0.5996999814132559,0.2966954178086912,0.296695655999473,-0.4064941204477041,0.0,0.0,0.0
17.75,0.5997490240117183,0.2962187891577685,0.296228635157283,-0.3939858909342026,0.0,0.0,0.0
17.8,0.5998282981073102,0.2957120100002383,0.2957276897158882,-0.3813700328970363,0.0,0.0,0.0
17.85,0.5997562648439404,0.2951790596920369,0.2951965241707208,-0.3687883249537472,0.0,0.0,0.0
17.9,0.5996418264214362,0.2946267397765021,0.2946343488099613,-0.3562404320748951,0.0,0.0,0.0
17.95,0.5996914572304768,0.2940382746202264,0.2940495495126244,-0.3436942114126669,0.0,0.0,0.0
18.0,0.5997554048700013,0.2934127450184348,0.2934230197359865,-0.3312706688724661,0.0,0.0,0.0
18.05,0.5998202033244835,0.2928009399352133,0.2927840580407924,-0.3185941823932584,0.0,0.0,0.0
18.1,0.5998614850959798,0.2921728842620474,0.2921655815963894,-0.3060226518817637,0.0,0.0,0.0
18.15,0.5997224622857144,0.2915479525334185,0.2915469746004528,-0.2936054895526206,0.0,0.0,0.0
18.2,0.599838027367416,0.2909182684979848,0.2909279180521181,-0.2811907488758308,0.0,0.0,0.0
18.25,0.5998650495203328,0.2902983164645195,0.2903000639943237,-0.268769962393234,0.0,0.0,0.0
18.3,0.599952836695791,0.2896806405028866,0.2896714391447612,-0.256357473690829,0.0,0.0,0.0
18.35,0.6000346541951277,0.289041415023106,0.289048169290814,-0.2438665036051515,0.0,0.0,0.0
18.4,0.6000084579527749,0.2884077818332572,0.2884254236879503,-0.2312882083987999,0.0,0.0,0.0
18.45,0.6000168429421429,0.2877763683854558,0.2877957682200524,-0.2188357927416475,0.0,0.0,0.0
18.5,0.6000506754742113,0.2871502751443435,0.2871840287645588,-0.2063754905785921,0.0,0.0,0.0
18.55,0.6000080352594226,0.2865412503090625,0.2865584215132689,-0.1939159334229279,0.0,0.0,0.0
18.6,0.5999925639138867,0.2859136101569671,0.2859339086936714,-0.1814463858778938,0.0,0.0,0.0
18.65,0.6000082041126216,0.2852880005685839,0.2853137041714583,-0.1690398056478527,0.0,0.0,0.0
18.7,0.600081760577219,0.2846493915533552,0.2846998243937544,-0.156577557921573,0.0,0.0,0.0
18.75,0.6001656322204504,0.2840251935537199,0.2840671087666385,-0.1442860745173035,0.0,0.0,0.0
18.8,0.6001776964138363,0.2833968376149004,0.2834403895325464,-0.1317927782667782,0.0,0.0,0.0
18.85,0.6001555329618233,0.2827789340831067,0.282817473632749,-0.1192129504659335,0.0,0.0,0.0
18.9,0.6002001449959519,0.2821392641646764,0.2821983339762733,-0.1067713716810423,0.0,0.0,0.0
18.95,0.6001238517609963,0.2815202687410957,0.2815731728042688,-0.0941872313432326,0.0,0.0,0.0
19.0,0.600047124763515,0.2808884722693128,0.2809431136147591,-0.0815733749350263,0.0,0.0,0.0
19.05,0.5999959976828617,0.2803005094248691,0.2803512156407295,-0.070079531116123,0.0,0.0,0.0
19.1,0.6000198579867759,0.2797536045109089,0.2797887830154262,-0.0593149329240307,0.0,0.0,0.0
19.15,0.6000672460600147,0.2792304889954116,0.2792456182353381,-0.0494793235150355,0.0,0.0,0.0
19.2,0.5997973820371019,0.2787271920785031,0.2787499047217154,-0.0405310778358187,0.0,0.0,0.0
19.25,0.5998317406636506,0.2782661128352995,0.2782878521761852,-0.032482217752634,0.0,0.0,0.0
19.3,0.59977718619025,0.2778310189957352,0.2778548643281614,-0.0253733734506185,0.0,0.0,0.0
19.35,0.5997617105463151,0.2774361580598387,0.2774545338217358,-0.0190735362021468,0.0,0.0,0.0
19.4,0.5997882341836793,0.2770824885461194,0.2770716043840373,-0.013664980391609,0.0,0.0,0.0
19.45,0.5997691343194551,0.2767413783490825,0.2767320774130055,-0.0089974485599353,0.0,0.0,0.0
19.5,0.5998027477059507,0.2764403118695221,0.2764220875660216,-0.0054883468050713,0.0,0.0,0.0
19.55,0.5998603346447655,0.2761534353917986,0.2761462160502826,-0.0028308382032725,0.0,0.0,0.0
19.6,0.5999044347640121,0.2759031048352344,0.2759006641744959,-0.0008978355266512,0.0,0.0,0.0
19.65,0.5998602015049791,0.2756996246732709,0.2756801096920652,5.9591190496029256e-05,0.0,0.0,0.0
19.7,0.5998352005969655,0.2755150352506682,0.2754973702288798,2.6459856265670973e-05,0.0,0.0,0.0
19.75,0.5997028539209269,0.2753633655445402,0.2753365265380712,0.0001297446359394,0.0,0.0,0.0
19.8,0.5996440531841247,0.2752412720373901,0.2752079183340059,4.318936123240934e-05,0.0,0.0,0.0
19.85,0.5995871489191624,0.2751518549265219,0.2751007447823633,5.58952328962745e-05,0.0,0.0,0.0
19.9,0.5995848622597814,0.2750980125826482,0.2750391294701774,4.236257185425092e-05,0.0,0.0,0.0
19.95,0.5995775166027587,0.2750592639035896,0.2750085236482621,7.941998148109241e-05,0.0,0.0,0.0
20.0,0.5997694680502969,0.275059731607463,0.2750173687382318,0.0001552073466062,0.0,0.0,0.0
20.05,0.5994417615847366,0.2750524375670388,0.275029351792036,0.0002005583169234,0.0,0.0,0.0
20.1,0.5988404853383468,0.2750421445154754,0.27503020366638,0.0002340266093969,0.0,0.0,0.0
20.15,0.5980193610702005,0.2750459820314613,0.2750391225090405,0.0001885680622625,0.0,0.0,0.0
20.2,0.5970360316059634,0.2750491293906431,0.2750293989280555,0.000178789019054,0.0,0.0,0.0
20.25,0.5956226610702059,0.2750350508126514,0.2750145156835314,0.0001182684744237,0.0,0.0,0.0
20.3,0.5938933332992049,0.2750331909530529,0.2750125081216212,5.6497819693086456e-05,0.0,0.0,0.0
20.35,0.5917891079047193,0.2750350464995915,0.2750116884538248,-6.738619848587072e-05,0.0,0.0,0.0
20.4,0.589363040551091,0.2750198482908076,0.2750151515960993,-0.0001093138255943,0.0,0.0,0.0
20.45,0.5866804889795917,0.2750259681961461,0.2750031010293808,-0.0001106642416782,0.0,0.0,0.0
20.5,0.583701210287608,0.27502129514101,0.2749959980320496,-0.0002171236991906,0.0,0.0,0.0
20.55,0.5803278066137655,0.2750155532073196,0.2749877042795133,-4.207787267208857e-05,0.0,0.0,0.0
20.6,0.5767374078508005,0.2750213481650499,0.2749804023455913,-7.550029436841565e-05,0.0,0.0,0.0
20.65,0.5729549194987549,0.2750089578990223,0.2749692290582465,-9.400388033986158e-05,0.0,0.0,0.0
20.7,0.5687132177499998,0.2750105079818153,0.2749528709417886,-0.0001331566504048,0.0,0.0,0.0
20.75,0.5642923026194141,0.2750124255086725,0.2749612801263312,-0.0001474156462124,0.0,0.0,0.0
20.8,0.5595441167027174,0.2750111935097533,0.2749615671924367,-8.028258761456814e-05,0.0,0.0,0.0
20.85,0.554559525490191,0.2750025119884477,0.2749757086117078,-7.596065390018153e-05,0.0,0.0,0.0
20.9,0.5491642127082829,0.2750088347356271,0.2749755177559688,4.855006727217327e-05,0.0,0.0,0.0
20.95,0.5435410112934471,0.275002397204644,0.2749679425609528,0.0001459888500465,0.0,0.0,0.0
21.0,0.5374259266259483,0.2750061411005509,0.2749707603364849,0.0002664285266158,0.0,0.0,0.0
21.05,0.5313942005315051,0.2749996928971833,0.274966775301354,0.000294927689393,0.0,0.0,0.0
21.1,0.5255293708263398,0.274989366232036,0.2749479428311575,0.0003068786977794,0.0,0.0,0.0
21.15,0.5195728662753705,0.2749886573209728,0.2749508218929052,0.0003790402795157,0.0,0.0,0.0
21.2,0.5134598403148496,0.2749908914049505,0.274950415876019,0.0003499098584256,0.0,0.0,0.0
21.25,0.5073661743076596,0.2750019681177916,0.2749601387596971,4.213867452283045e-05,0.0,0.0,0.0
21.3,0.5012992078059482,0.2749979167617962,0.2749590043142405,-4.307979479722554e-05,0.0,0.0,0.0
21.35,0.4952420839938208,0.2749881804653853,0.2749657848460937,-4.576056261944246e-05,0.0,0.0,0.0
21.4,0.4893330400351892,0.2749907224964089,0.2749751981397875,-2.971622435174549e-05,0.0,0.0,0.0
21.45,0.4833146641587772,0.274990474229268,0.2749906630269539,-6.244381792931434e-05,0.0,0.0,0.0
21.5,0.4772153011430313,0.2749909755863634,0.2749831044971594,-9.392808603939926e-05,0.0,0.0,0.0
21.55,0.4713009947165808,0.2749956631240907,0.2749908376764039,-6.637777226063312e-05,0.0,0.0,0.0
21.6,0.4652230436627844,0.2749931106651225,0.2749918826684369,-9.93052079071957e-05,0.0,0.0,0.0
21.65,0.4591176330916645,0.2749946150332614,0.2750065288926492,-8.388133530133426e-05,0.0,0.0,0.0
21.7,0.4532170097683629,0.2749900177353776,0.2750061980534558,-0.0002005080718802,0.0,0.0,0.0
21.75,0.447164831919383,0.2749882102222779,0.2750070936044852,-0.0003014683011576,0.0,0.0,0.0
21.8,0.4410756818629281,0.274992400353106,0.2750146712977542,-0.0002262379950866,0.0,0.0,0.0
21.85,0.4351057264034111,0.2749985104846809,0.2750128805189951,-0.0003721171053989,0.0,0.0,0.0
21.9,0.4292083482418907,0.2749943884218619,0.275002489917402,-0.0004780043495401,0.0,0.0,0.0
21.95,0.4231907439114798,0.2750028832454644,0.2749940237912652,-0.0003560418545365,0.0,0.0,0.0
22.0,0.4171852354102069,0.2750053779433862,0.2749959522830353,-0.0002417089543877,0.0,0.0,0.0
22.05,0.411301263852114,0.2750119238059628,0.2749952079521854,-0.0002887580963598,0.0,0.0,0.0
22.1,0.4050950465564901,0.2750181924987821,0.2750033791124838,-0.0003668687264802,0.0,0.0,0.0
22.15,0.3990276922349459,0.2750064180942114,0.2750072582858093,-0.0003146369162008,0.0,0.0,0.0
22.2,0.3931127745771269,0.2750062852851833,0.2750096354949918,-0.0003935944615178,0.0,0.0,0.0
22.25,0.3872122165251591,0.2750029292000757,0.2750025142016555,-0.0004387522156821,0.0,0.0,0.0
22.3,0.381175718885361,0.2749960237287057,0.2750051366333833,-0.0004736159303482,0.0,0.0,0.0
22.35,0.3753483520688952,0.2750018914480054,0.2750012566261051,-0.0005370137562286,0.0,0.0,0.0
22.4,0.3692144879590278,0.2750015840282917,0.2749879359495159,-0.0004686036095035,0.0,0.0,0.0
22.45,0.3631918960673391,0.274998509603483,0.2749795536170339,-0.0002887246597722,0.0,0.0,0.0
22.5,0.3572337447075387,0.2749843751515209,0.2749871077178115,-0.0003504388127616,0.0,0.0,0.0
22.55,0.3512422475061937,0.2749839332662381,0.2749801877305478,-0.0003395659419499,0.0,0.0,0.0
22.6,0.3452689731698199,0.2749742223249657,0.274984120316619,-0.000174096268623,0.0,0.0,0.0
22.65,0.3392441783396617,0.2749760179000756,0.2749788068373132,-0.0002761387200404,0.0,0.0,0.0
22.7,0.3332119019621855,0.2749836415987753,0.2749794097384658,-0.0004047484916293,0.0,0.0,0.0
22.75,0.327305485511926,0.2749952817668676,0.2749680366521137,-0.0003048739889,0.0,0.0,0.0
22.8,0.3214505646937068,0.2749944601916536,0.2749667495565652,-0.0002476926196659,0.0,0.0,0.0
22.85,0.3153078080314628,0.2749900019284145,0.2749562004780105,-0.0002917510408859,0.0,0.0,0.0
22.9,0.3092353438363227,0.2749934212512778,0.2749660989750442,-0.0002893102259509,0.0,0.0,0.0
22.95,0.3032911796625648,0.2749904760781428,0.2749773211599464,-0.0002184899827647,0.0,0.0,0.0
23.0,0.297305665330346,0.2749876360699331,0.2749690260229015,-0.0001149228758125,0.0,0.0,0.0
23.05,0.291241136709675,0.2749922093591858,0.2749724644995494,-0.00015272586352,0.0,0.0,0.0
23.1,0.285314803589431,0.2749874511712546,0.2749719967641405,-0.000129277659092,0.0,0.0,0.0
23.15,0.2793439514072526,0.2749967788665522,0.2749664855370414,-0.0001450815129086,0.0,0.0,0.0
23.2,0.273262455470976,0.2749989428076013,0.2749729544207945,-0.0001077446845982,0.0,0.0,0.0
23.25,0.2671693585490344,0.2750054097627971,0.2749871119262302,-0.0001156749652249,0.0,0.0,0.0
23.3,0.2612461397565133,0.2750157534287153,0.2749842475385859,-0.0001151085682849,0.0,0.0,0.0
23.35,0.2551274556166077,0.2750171881038856,0.274981891329403,-4.530962341293988e-05,0.0,0.0,0.0
23.4,0.2492735977942267,0.2750146444155107,0.2749858936004561,4.241240644119393e-05,0.0,0.0,0.0
23.45,0.2432595242840978,0.2750039835597797,0.2749896612666402,7.73306988034816e-05,0.0,0.0,0.0
23.5,0.2372269980085149,0.2750063540433115,0.2749848910782936,2.2628808780080537e-05,0.0,0.0,0.0
23.55,0.2312254774559257,0.2749983364578324,0.2749897294691603,0.0001110391035562,0.0,0.0,0.0
23.6,0.2253011141866402,0.2750045104669277,0.2749878970248839,0.0001160902812701,0.0,0.0,0.0
23.65,0.2193572022260441,0.2750103314506488,0.2749864205454551,1.259559560565668e-05,0.0,0.0,0.0
23.7,0.2132731266904636,0.2750140986352335,0.2749952257985317,-2.0353669333216707e-05,0.0,0.0,0.0
23.75,0.2071398504300798,0.2750079978032686,0.2749993525534808,0.0001850103489753,0.0,0.0,0.0
23.8,0.201035687519072,0.2750035581034182,0.2749877642152741,0.0001459198111381,0.0,0.0,0.0
23.85,0.1951188690467193,0.274999051102105,0.2750024581961902,0.0001416406395306,0.0,0.0,0.0
23.9,0.189103500554194,0.2749923426142127,0.2749966691132663,0.0001408328056885,0.0,0.0,0.0
23.95,0.1829889230491789,0.2749894965234792,0.2749909208285774,9.80653992642454e-05,0.0,0.0,0.0
24.0,0.1769673014983809,0.2749881935172008,0.2749966498062138,0.0001710430723143,0.0,0.0,0.0
24.05,0.1709620673766503,0.2747630833007037,0.2747724125279306,0.0002213022821261,0.0,0.0,0.0
24.1,0.1649588289418687,0.2743384859500141,0.2743370649110696,0.0001592636967037,0.0,0.0,0.0
24.15,0.1590698536911614,0.2736845372305306,0.2736805918660004,0.0001381273923555,0.0,0.0,0.0
24.2,0.1531074854978995,0.2728007022893566,0.272806294269479,0.0001485872362823,0.0,0.0,0.0
24.25,0.1472342935324446,0.2716958809420257,0.2717034154536259,-1.972841433720932e-05,0.0,0.0,0.0
24.3,0.141252473618535,0.2703848897209887,0.2703975132275432,-2.593548369311805e-05,0.0,0.0,0.0
24.35,0.135283123800068,0.2688639409651988,0.268869365252287,-1.6184496807337053e-05,0.0,0.0,0.0
24.4,0.1292570246731467,0.2671143943925302,0.2671208760807665,4.325132926817856e-05,0.0,0.0,0.0
24.45,0.1232457408284376,0.2651674841639908,0.2651475838556002,-4.398653893685984e-05,0.0,0.0,0.0
24.5,0.1172104166107329,0.2629918741007065,0.2629663405456159,-9.848905253144217e-05,0.0,0.0,0.0
24.55,0.1111639053736033,0.2605781591038232,0.2605594543565749,-6.51538277485635e-05,0.0,0.0,0.0
24.6,0.1050799093910877,0.257945158553144,0.2579333726513609,-0.0001196087807719,0.0,0.0,0.0
24.65,0.0990933636398428,0.2550962046331987,0.2550940302519877,3.0335561643082977e-05,0.0,0.0,0.0
24.7,0.0931417986219113,0.2520250650739933,0.2520284184793914,0.000135434030459,0.0,0.0,0.0
24.75,0.0873404866746032,0.2487527996500684,0.2487463124196246,1.7901483730212286e-05,0.0,0.0,0.0
24.8,0.0813544959663017,0.2452569988537,0.2452629660937107,8.6405498230565e-05,0.0,0.0,0.0
24.85,0.0752914245801992,0.24154319450739,0.241544444475363,0.0001473334650755,0.0,0.0,0.0
24.9,0.069214709083909,0.2376107006456818,0.2376097741903753,0.0003073501930664,0.0,0.0,0.0
24.95,0.0631676077830367,0.2334562826618799,0.2334635873970699,0.0003391053639787,0.0,0.0,0.0
25.0,0.0571717890551291,0.2290839975458014,0.2290797160822165,0.000391169339638,0.0,0.0,0.0
25.05,0.0515412666835235,0.2247063085317655,0.2247038267896142,0.0003827656640257,0.0,0.0,0.0
25.1,0.0461355042484073,0.2203232155324105,0.2203350324587519,0.0003409489276698,0.0,0.0,0.0
25.15,0.0408374262439356,0.2159443187848821,0.2159604888621523,0.0001687480763811,0.0,0.0,0.0
25.2,0.0361068548132313,0.2115710632925526,0.2115735171821204,0.0002399185336742,0.0,0.0,0.0
25.25,0.0314589016604162,0.2071999421527301,0.2071955657082294,5.6221415299711886e-05,0.0,0.0,0.0
25.3,0.0271921437330523,0.2028198219194075,0.2028070988446519,9.204142818957308e-05,0.0,0.0,0.0
25.35,0.0232393781778448,0.1984305545725266,0.1984248577854056,5.9855098552738e-05,0.0,0.0,0.0
25.4,0.0196283648036428,0.1940508495912375,0.1940485719612616,-4.70532291628082e-05,0.0,0.0,0.0
25.45,0.0162749082151717,0.1896633930469963,0.1896819485245931,0.0001229469248918,0.0,0.0,0.0
25.5,0.0133848873165713,0.1852803602465106,0.1853005660857372,0.000176819291108,0.0,0.0,0.0
25.55,0.0107587516700425,0.180916003132324,0.1809198062633806,0.0002176172522774,0.0,0.0,0.0
25.6,0.0083948674827776,0.176549264120297,0.1765390307724726,0.0001590213681375,0.0,0.0,0.0
25.65,0.0062141933873224,0.1721782037906929,0.1721606281600611,0.0001200595322186,0.0,0.0,0.0
25.7,0.0044388877543272,0.1678043665807402,0.1677839548781509,0.0001176026248496,0.0,0.0,0.0
25.75,0.0028419249759646,0.1634258760103428,0.1634137359530811,0.0001414431577467,0.0,0.0,0.0
25.8,0.0016321918260261,0.159060901554348,0.1590316236593689,-9.275455243082572e-05,0.0,0.0,0.0
25.85,0.0008027184574409,0.1546874735298703,0.1546394862714259,-4.1478060861495285e-05,0.0,0.0,0.0
25.9,0.0001851602988436,0.1503085112656664,0.1502644718366166,-0.000119566811054,0.0,0.0,0.0
25.95,-2.5706436090537383e-05,0.1459326843546337,0.1458866557955649,5.860952732077324e-05,0.0,0.0,0.0
26.0,-2.5077729207804244e-05,0.1415510701339806,0.1415190253682564,-8.301723972942469e-06,0.0,0.0,0.0
26.05,-5.25321611057482e-05,0.1373132043261583,0.1372771752892664,7.985134676189451e-05,0.0,0.0,0.0
26.1,3.7286672187667576e-05,0.1332099265031395,0.1331687944982488,-3.8784570486057015e-05,0.0,0.0,0.0
26.15,5.031861011084852e-05,0.1292379168930925,0.1292006318938345,-0.0001505614328904,0.0,0.0,0.0
26.2,-6.74665818909865e-05,0.1254053948213152,0.1253812870592222,-0.0002369630402149,0.0,0.0,0.0
26.25,3.422364643362408e-06,0.1217002425180317,0.1216759253712129,-0.0003501315029547,0.0,0.0,0.0
26.3,-4.649775371448868e-05,0.1181393452463645,0.1181121793643061,-0.0004304117171452,0.0,0.0,0.0
26.35,-2.822598639521529e-05,0.114727893166696,0.1146983897833308,-0.0002246248374248,0.0,0.0,0.0
26.4,-0.0001687808365889,0.1114456750672804,0.1114049450376265,-0.0002208130655165,0.0,0.0,0.0
26.45,-0.0001738763239749,0.1082938070019575,0.108249951016789,-0.0001953700485933,0.0,0.0,0.0
26.5,-0.0001256008605956,0.1052794689802805,0.105232592784092,6.019490508595978e-07,0.0,0.0,0.0
26.55,-0.0001669333629771,0.1024030601879745,0.102357832630845,0.0001192600201609,0.0,0.0,0.0
26.6,-0.0001185590888625,0.0996535284577187,0.0996185385522232,8.440837862740686e-05,0.0,0.0,0.0
26.65,-8.259192262090383e-05,0.0970369649836114,0.0969969095628183,5.840680956423012e-05,0.0,0.0,0.0
26.7,-0.0001406248020784,0.0945539613513752,0.0945087304117122,3.188058257191747e-05,0.0,0.0,0.0
26.75,-0.0002928022589349,0.0921943429248247,0.0921771307276536,-5.688793710584805e-05,0.0,0.0,0.0
26.8,-0.0003259514390956,0.089985826647026,0.0899659148439437,-9.780449191117564e-05,0.0,0.0,0.0
26.85,-0.0002805993499922,0.0879172773558528,0.0879084655380896,-0.0001041820525957,0.0,0.0,0.0
26.9,-0.0002007380922904,0.0859813574960714,0.0859753448557455,1.8599300195829243e-05,0.0,0.0,0.0
26.95,-0.0002110812577654,0.0841719993607344,0.0841696743169942,5.261688038739784e-05,0.0,0.0,0.0
27.0,-0.0001482820198445,0.0825132285641688,0.0825072760819847,0.0001060449826258,0.0,0.0,0.0
27.05,-0.0001903007538847,0.0808522417727999,0.0808432910274952,-0.0001156463119046,0.0,0.0,0.0
27.1,-0.0003205570479918,0.0791929874154983,0.0791776372801626,-0.0003003409858541,0.0,0.0,0.0
27.15,-0.0002349205178734,0.0775317045330744,0.0775035351257462,-0.0002911835097228,0.0,0.0,0.0
27.2,-9.921289710486554e-05,0.0758636805878546,0.0758310578867973,-0.0003106319285504,0.0,0.0,0.0
27.25,-0.0002196538263936,0.0741967082707687,0.074179106414764,-0.000345294294559,0.0,0.0,0.0
27.3,-0.0001304087936074,0.072527857077514,0.0725278280910186,-0.0002639736471512,0.0,0.0,0.0
27.35,-6.290001155393539e-05,0.0708496118887608,0.0708503538158518,-0.0003889883770414,0.0,0.0,0.0
27.4,8.074314002235525e-05,0.069176387893821,0.0691915864093477,-0.0001894826063739,0.0,0.0,0.0
27.45,0.0001463815789333,0.0675136654641622,0.0675160893714342,-0.000143332964646,0.0,0.0,0.0
27.5,0.0001924046393481,0.0658531497694431,0.0658494786916405,-2.7383572436547872e-05,0.0,0.0,0.0
27.55,0.0002741096612399,0.0641830042492719,0.0641732396111464,2.3432041713221576e-05,0.0,0.0,0.0
27.6,0.0003294584985738,0.0625265996433912,0.0625048798070947,-1.3167729861109383e-05,0.0,0.0,0.0
27.65,0.0003865789283233,0.0608555756829266,0.0608505402121463,-0.0001265943305955,0.0,0.0,0.0
27.7,0.0004305453079804,0.0591945554387399,0.0591896244565981,-0.000147034545853,0.0,0.0,0.0
27.75,0.000528365960354,0.0575303020171218,0.0575122426527487,9.191599770723294e-08,0.0,0.0,0.0
27.8,0.0005608827602912,0.0558493149279664,0.0558533041870211,0.0002958007867171,0.0,0.0,0.0
27.85,0.0005379874670706,0.0541812469488537,0.0541804151478603,0.0002577827005812,0.0,0.0,0.0
27.9,0.0006055607121442,0.0525095704595487,0.0525101035080228,0.0003932584379313,0.0,0.0,0.0
27.95,0.0005133213520306,0.0508640872128608,0.0508489253101589,0.0003051763348163,0.0,0.0,0.0
28.0,0.0003997781760149,0.0491974146268917,0.0491752398011001,0.0003037191692342,0.0,0.0,0.0
28.05,0.0003512750215605,0.0475325239077241,0.0475097841603219,0.0005029345153834,0.0,0.0,0.0
28.1,0.0005596613168349,0.045861095422231,0.0458431406208297,0.0003299268120864,0.0,0.0,0.0
28.15,0.0004675727940736,0.0441915063355904,0.0441803242614424,0.0002117674224565,0.0,0.0,0.0
28.2,0.000329108075791,0.0425341093516708,0.0425161674349152,5.453919630822513e-05,0.0,0.0,0.0
28.25,0.0003447576851997,0.0408746286429919,0.0408470215241141,5.624237073157908e-05,0.0,0.0,0.0
28.3,0.0003483446035051,0.0392064964222173,0.0391739008554383,0.0001350713922207,0.0,0.0,0.0
28.35,0.0003242241465398,0.0375465297018208,0.0375144579797432,0.0002331886791762,0.0,0.0,0.0
28.4,0.0002336707864439,0.0358807789970596,0.0358335693016238,0.0002841026684424,0.0,0.0,0.0
28.45,0.0002124307026231,0.034205371175377,0.0341761109446676,0.0002384015105713,0.0,0.0,0.0
28.5,0.0001449349095288,0.0325265994821293,0.0325111012250523,-4.672021290080288e-05,0.0,0.0,0.0
28.55,0.0001472410130313,0.0308581986473556,0.0308465507222723,4.828858531148704e-05,0.0,0.0,0.0
28.6,4.052979519909952e-05,0.0291797158658627,0.0291798947198758,-9.687199187490582e-05,0.0,0.0,0.0
28.65,5.928103051602064e-05,0.0275196630128252,0.027512718556377,3.182261499411654e-06,0.0,0.0,0.0
28.7,-4.602800578878191e-05,0.0258608514341696,0.0258519242216537,-1.7493390692830508e-05,0.0,0.0,0.0
28.75,-4.5662419045808135e-05,0.0242017914574392,0.0241888154728853,-8.787893783889715e-05,0.0,0.0,0.0
28.8,-8.571936806350944e-05,0.0225420109250184,0.0225224369717079,-3.438542992525584e-05,0.0,0.0,0.0
28.85,-0.0001704961034812,0.0208696922025509,0.0208550665530184,-0.000130700206037,0.0,0.0,0.0
28.9,-0.0001849019331695,0.0192051526349959,0.0191963619793141,0.000151339654619,0.0,0.0,0.0
28.95,-6.11428392234733e-05,0.0175220353651818,0.017526186853609,0.0001189015815895,0.0,0.0,0.0
29.0,3.091824461621765e-05,0.0158519653006934,0.0158538505788177,5.835255120079102e-06,0.0,0.0,0.0
29.05,0.0001484302394701,0.0142648372138873,0.0142607433205983,-0.0001914050929202,0.0,0.0,0.0
29.1,-6.477497363774561e-05,0.0127686637976011,0.0127559173945694,-0.0001469445162912,0.0,0.0,0.0
29.15,-9.00241129457946e-05,0.0113599795668588,0.0113400248121359,-0.0002350857099126,0.0,0.0,0.0
29.2,-0.0001761113831182,0.0100101465629588,0.010007681344846,-4.2954520940785534e-05,0.0,0.0,0.0
29.25,-0.0001183368021969,0.0087601404837849,0.0087643971607135,-3.935409535321006e-05,0.0,0.0,0.0
29.3,-0.0001873864606049,0.0076006659292866,0.0075929454995607,-3.9591424284240615e-05,0.0,0.0,0.0
29.35,-0.0001880839724379,0.0065135298046807,0.0064998530768001,-7.728082757681954e-06,0.0,0.0,0.0
29.4,-9.435541091401642e-05,0.0055139820960626,0.0055113943742238,0.0001156012328238,0.0,0.0,0.0
29.45,-4.4751248517731214e-05,0.0045952725658692,0.004589557086238,0.0002251969517529,0.0,0.0,0.0
29.5,-8.974532924264591e-05,0.0037593112574458,0.0037573636852968,0.0002897855847572,0.0,0.0,0.0
29.55,-0.0002352044868093,0.0030092988476737,0.0030067576320314,0.0002970643918795,0.0,0.0,0.0
29.6,-0.0002551070770369,0.0023491928473948,0.0023378072390673,0.0001517562387832,0.0,0.0,0.0
29.65,-0.0002908681374822,0.001762928729063,0.0017505586627746,0.0003099265934525,0.0,0.0,0.0
29.7,-0.0002281752099618,0.0012407218061799,0.0012511728306867,0.0004018259642257,0.0,0.0,0.0
29.75,-0.0002073239184456,0.0008170368422385,0.000834929469475,0.0004991628916714,0.0,0.0,0.0
29.8,-0.0002010546790657,0.0004874894378002,0.0005071233850071,0.0004731816353134,0.0,0.0,0.0
29.85,-0.0001698942762791,0.0002370009784724,0.0002597287107483,0.0004418802790588,0.0,0.0,0.0
29.9,-0.0002321489805871,7.097724137189495e-05,7.946161864195139e-05,0.0002434634365045,0.0,0.0,0.0
29.95,-0.0002910955002691,-1.3336396621693768e-05,-1.318112046736279e-06,0.0001036250244465,0.0,0.0,0.0
